CREATE DATABASE IF NOT EXISTS historial_db;

USE historial_db;

CREATE TABLE IF NOT EXISTS `comentario` (
  `id` int(11) NOT NULL AUTO_INCREMENT,
  `comentario` text,
  `id_usuario` int(11) DEFAULT NULL,
  PRIMARY KEY (`id`)
) ENGINE=InnoDB  DEFAULT CHARSET=latin1 AUTO_INCREMENT=2268 ;

--
-- Dumping data for table `comentario`
--

INSERT INTO `comentario` (`id`, `comentario`, `id_usuario`) VALUES
(1, 'primer comntario anonimo', 0),
(5, 'otro comentaario', 0),
(6, 'este es un comentario de juan', 3),
(7, 'este es un comentario de juan', 3),
(8, 'otro comentario pero de g', 4),
(9, 'que paso con los c', 4),
(10, 'pero perop comentaoro', 0),
(11, 'hoaaaaaaaaaaaaaaal', 0),
(12, 'c:/Windows/system.ini', 0),
(13, 'c:Windowssystem.ini', 0),
(2267, 'hola comentario anonimo', 0);

-- --------------------------------------------------------

--
-- Table structure for table `precio`
--

CREATE TABLE IF NOT EXISTS `precio` (
  `id` int(11) NOT NULL AUTO_INCREMENT,
  `id_producto` int(11) NOT NULL,
  `id_usuario` int(11) NOT NULL,
  `id_semana` int(11) NOT NULL,
  `precio` int(11) NOT NULL,
  `fecha` datetime NOT NULL,
  PRIMARY KEY (`id`)
) ENGINE=InnoDB  DEFAULT CHARSET=latin1 AUTO_INCREMENT=151 ;

--
-- Dumping data for table `precio`
--

INSERT INTO `precio` (`id`, `id_producto`, `id_usuario`, `id_semana`, `precio`, `fecha`) VALUES
(1, 1, 2, 1, 10, '2016-03-28 10:00:00'),
(2, 2, 2, 1, 15, '2016-03-28 10:00:00'),
(3, 3, 2, 1, 25, '2016-03-28 10:00:00'),
(4, 4, 2, 1, 35, '2016-03-28 10:00:00'),
(5, 5, 2, 1, 45, '2016-03-28 10:00:00'),
(6, 6, 2, 1, 55, '2016-03-28 10:00:00'),
(7, 7, 2, 1, 30, '2016-03-28 10:00:00'),
(8, 1, 3, 1, 20, '2016-03-28 10:00:00'),
(9, 2, 3, 1, 25, '2016-03-28 10:00:00'),
(10, 3, 3, 1, 35, '2016-03-28 10:00:00'),
(11, 4, 3, 1, 45, '2016-03-28 10:00:00'),
(12, 5, 3, 1, 55, '2016-03-28 10:00:00'),
(13, 6, 3, 1, 65, '2016-03-28 10:00:00'),
(14, 7, 3, 1, 35, '2016-03-28 10:00:00'),
(15, 1, 4, 1, 15, '2016-03-28 10:00:00'),
(16, 2, 4, 1, 16, '2016-03-28 10:00:00'),
(17, 3, 4, 1, 26, '2016-03-28 10:00:00'),
(18, 4, 4, 1, 36, '2016-03-28 10:00:00'),
(19, 5, 4, 1, 46, '2016-03-28 10:00:00'),
(20, 6, 4, 1, 56, '2016-03-28 10:00:00'),
(21, 7, 4, 1, 36, '2016-03-28 10:00:00'),
(22, 1, 5, 1, 17, '2016-03-28 10:00:00'),
(23, 2, 5, 1, 17, '2016-03-28 10:00:00'),
(24, 3, 5, 1, 27, '2016-03-28 10:00:00'),
(25, 4, 5, 1, 37, '2016-03-28 10:00:00'),
(26, 5, 5, 1, 47, '2016-03-28 10:00:00'),
(27, 6, 5, 1, 57, '2016-03-28 10:00:00'),
(28, 7, 5, 1, 37, '2016-03-28 10:00:00'),
(29, 1, 6, 1, 14, '2016-03-28 10:00:00'),
(30, 2, 6, 1, 14, '2016-03-28 10:00:00'),
(31, 3, 6, 1, 24, '2016-03-28 10:00:00'),
(32, 4, 6, 1, 34, '2016-03-28 10:00:00'),
(33, 5, 6, 1, 44, '2016-03-28 10:00:00'),
(34, 6, 6, 1, 54, '2016-03-28 10:00:00'),
(35, 7, 6, 1, 34, '2016-03-28 10:00:00'),
(36, 1, 7, 1, 12, '2016-03-28 10:00:00'),
(37, 2, 7, 1, 12, '2016-03-28 10:00:00'),
(38, 3, 7, 1, 22, '2016-03-28 10:00:00'),
(39, 4, 7, 1, 32, '2016-03-28 10:00:00'),
(40, 5, 7, 1, 42, '2016-03-28 10:00:00'),
(41, 6, 7, 1, 52, '2016-03-28 10:00:00'),
(42, 7, 7, 1, 32, '2016-03-28 10:00:00'),
(43, 1, 8, 1, 11, '2016-03-28 10:00:00'),
(44, 2, 8, 1, 16, '2016-03-28 10:00:00'),
(45, 3, 8, 1, 23, '2016-03-28 10:00:00'),
(46, 4, 8, 1, 34, '2016-03-28 10:00:00'),
(47, 5, 8, 1, 46, '2016-03-28 10:00:00'),
(48, 6, 8, 1, 53, '2016-03-28 10:00:00'),
(49, 7, 8, 1, 35, '2016-03-28 10:00:00'),
(50, 1, 2, 2, 30, '2016-04-05 10:00:00'),
(51, 2, 2, 2, 35, '2016-04-05 10:00:00'),
(52, 3, 2, 2, 45, '2016-04-05 10:00:00'),
(53, 4, 2, 2, 55, '2016-04-05 10:00:00'),
(54, 5, 2, 2, 65, '2016-04-05 10:00:00'),
(55, 6, 2, 2, 75, '2016-04-05 10:00:00'),
(56, 7, 2, 2, 50, '2016-04-05 10:00:00'),
(57, 1, 3, 2, 40, '2016-04-05 10:00:00'),
(58, 2, 3, 2, 45, '2016-04-05 10:00:00'),
(59, 3, 3, 2, 55, '2016-04-05 10:00:00'),
(60, 4, 3, 2, 65, '2016-04-05 10:00:00'),
(61, 5, 3, 2, 75, '2016-04-05 10:00:00'),
(62, 6, 3, 2, 85, '2016-04-05 10:00:00'),
(63, 7, 3, 2, 55, '2016-04-05 10:00:00'),
(64, 1, 4, 2, 35, '2016-04-05 10:00:00'),
(65, 2, 4, 2, 36, '2016-04-05 10:00:00'),
(66, 3, 4, 2, 46, '2016-04-05 10:00:00'),
(67, 4, 4, 2, 56, '2016-04-05 10:00:00'),
(68, 5, 4, 2, 66, '2016-04-05 10:00:00'),
(69, 6, 4, 2, 76, '2016-04-05 10:00:00'),
(70, 7, 4, 2, 56, '2016-04-05 10:00:00'),
(71, 1, 5, 2, 37, '2016-04-05 10:00:00'),
(72, 2, 5, 2, 37, '2016-04-05 10:00:00'),
(73, 3, 5, 2, 47, '2016-04-05 10:00:00'),
(74, 4, 5, 2, 57, '2016-04-05 10:00:00'),
(75, 5, 5, 2, 67, '2016-04-05 10:00:00'),
(76, 6, 5, 2, 77, '2016-04-05 10:00:00'),
(77, 7, 5, 2, 57, '2016-04-05 10:00:00'),
(78, 1, 6, 2, 34, '2016-04-05 10:00:00'),
(79, 2, 6, 2, 34, '2016-04-05 10:00:00'),
(80, 3, 6, 2, 44, '2016-04-05 10:00:00'),
(81, 4, 6, 2, 54, '2016-04-05 10:00:00'),
(82, 5, 6, 2, 64, '2016-04-05 10:00:00'),
(83, 6, 6, 2, 74, '2016-04-05 10:00:00'),
(84, 7, 6, 2, 54, '2016-04-05 10:00:00'),
(85, 1, 7, 2, 32, '2016-04-05 10:00:00'),
(86, 2, 7, 2, 32, '2016-04-05 10:00:00'),
(87, 3, 7, 2, 42, '2016-04-05 10:00:00'),
(88, 4, 7, 2, 52, '2016-04-05 10:00:00'),
(89, 5, 7, 2, 62, '2016-04-05 10:00:00'),
(90, 6, 7, 2, 72, '2016-04-05 10:00:00'),
(91, 7, 7, 2, 52, '2016-04-05 10:00:00'),
(92, 1, 8, 2, 31, '2016-04-05 10:00:00'),
(93, 2, 8, 2, 36, '2016-04-05 10:00:00'),
(94, 3, 8, 2, 43, '2016-04-05 10:00:00'),
(95, 4, 8, 2, 54, '2016-04-05 10:00:00'),
(96, 5, 8, 2, 66, '2016-04-05 10:00:00'),
(97, 6, 8, 2, 73, '2016-04-05 10:00:00'),
(98, 7, 8, 2, 55, '2016-04-05 10:00:00'),
(99, 1, 2, 3, 20, '2016-04-20 10:00:00'),
(100, 2, 2, 3, 25, '2016-04-20 10:00:00'),
(101, 3, 2, 3, 35, '2016-04-20 10:00:00'),
(102, 4, 2, 3, 45, '2016-04-20 10:00:00'),
(103, 5, 2, 3, 55, '2016-04-20 10:00:00'),
(104, 6, 2, 3, 65, '2016-04-20 10:00:00'),
(105, 7, 2, 3, 40, '2016-04-20 10:00:00'),
(106, 1, 3, 3, 57, '2016-04-20 10:00:00'),
(107, 2, 3, 3, 35, '2016-04-20 10:00:00'),
(108, 3, 3, 3, 45, '2016-04-20 10:00:00'),
(109, 4, 3, 3, 55, '2016-04-20 10:00:00'),
(110, 5, 3, 3, 65, '2016-04-20 10:00:00'),
(111, 6, 3, 3, 75, '2016-04-20 10:00:00'),
(112, 7, 3, 3, 45, '2016-04-20 10:00:00'),
(113, 1, 4, 3, 25, '2016-04-20 10:00:00'),
(114, 2, 4, 3, 26, '2016-04-20 10:00:00'),
(115, 3, 4, 3, 36, '2016-04-20 10:00:00'),
(116, 4, 4, 3, 46, '2016-04-20 10:00:00'),
(117, 5, 4, 3, 56, '2016-04-20 10:00:00'),
(118, 6, 4, 3, 66, '2016-04-20 10:00:00'),
(119, 7, 4, 3, 46, '2016-04-20 10:00:00'),
(120, 1, 5, 3, 27, '2016-04-20 10:00:00'),
(121, 2, 5, 3, 27, '2016-04-20 10:00:00'),
(122, 3, 5, 3, 37, '2016-04-20 10:00:00'),
(123, 4, 5, 3, 57, '2016-04-20 10:00:00'),
(124, 5, 5, 3, 57, '2016-04-20 10:00:00'),
(125, 6, 5, 3, 67, '2016-04-20 10:00:00'),
(126, 7, 5, 3, 47, '2016-04-20 10:00:00'),
(127, 1, 6, 3, 54, '2016-04-20 10:00:00'),
(128, 2, 6, 3, 24, '2016-04-20 10:00:00'),
(129, 3, 6, 3, 34, '2016-04-20 10:00:00'),
(130, 4, 6, 3, 44, '2016-04-20 10:00:00'),
(131, 5, 6, 3, 54, '2016-04-20 10:00:00'),
(132, 6, 6, 3, 64, '2016-04-20 10:00:00'),
(133, 7, 6, 3, 44, '2016-04-20 10:00:00'),
(134, 1, 7, 3, 22, '2016-04-20 10:00:00'),
(135, 2, 7, 3, 22, '2016-04-20 10:00:00'),
(136, 3, 7, 3, 32, '2016-04-20 10:00:00'),
(137, 4, 7, 3, 52, '2016-04-20 10:00:00'),
(138, 5, 7, 3, 52, '2016-04-20 10:00:00'),
(139, 6, 7, 3, 62, '2016-04-20 10:00:00'),
(140, 7, 7, 3, 42, '2016-04-20 10:00:00'),
(141, 1, 8, 3, 51, '2016-04-20 10:00:00'),
(142, 2, 8, 3, 26, '2016-04-20 10:00:00'),
(143, 3, 8, 3, 33, '2016-04-20 10:00:00'),
(144, 4, 8, 3, 44, '2016-04-20 10:00:00'),
(145, 5, 8, 3, 56, '2016-04-20 10:00:00'),
(146, 6, 8, 3, 63, '2016-04-20 10:00:00'),
(147, 7, 8, 3, 45, '2016-04-20 10:00:00'),
(148, 1, 3, 4, 22, '2016-04-24 20:06:39'),
(149, 2, 3, 4, 25, '2016-04-24 21:44:21'),
(150, 13, 3, 4, 40, '2016-04-24 21:45:43');

-- --------------------------------------------------------

--
-- Table structure for table `producto`
--

CREATE TABLE IF NOT EXISTS `producto` (
  `id` int(11) NOT NULL AUTO_INCREMENT,
  `nombre` varchar(30) DEFAULT NULL,
  `habilitado` tinyint(1) NOT NULL,
  PRIMARY KEY (`id`)
) ENGINE=InnoDB  DEFAULT CHARSET=latin1 AUTO_INCREMENT=14 ;

--
-- Dumping data for table `producto`
--

INSERT INTO `producto` (`id`, `nombre`, `habilitado`) VALUES
(1, 'azucar', 1),
(2, 'Arroz', 1),
(3, 'Fideos', 1),
(4, 'Leche', 1),
(5, 'Pan', 1),
(6, 'Te', 1),
(7, 'Yerba', 1),
(8, 'Galletitas dulces', 0),
(9, 'galletitas saladas', 0),
(10, 'Miel', 0),
(11, 'Cafe', 0),
(12, 'chunga', 1),
(13, 'mermelada', 1);

-- --------------------------------------------------------

--
-- Table structure for table `semana`
--

CREATE TABLE IF NOT EXISTS `semana` (
  `id` int(11) NOT NULL AUTO_INCREMENT,
  `fecha_ini` datetime NOT NULL,
  `fecha_fin` datetime NOT NULL,
  `current` tinyint(1) NOT NULL,
  PRIMARY KEY (`id`)
) ENGINE=InnoDB  DEFAULT CHARSET=latin1 AUTO_INCREMENT=8 ;

--
-- Dumping data for table `semana`
--

INSERT INTO `semana` (`id`, `fecha_ini`, `fecha_fin`, `current`) VALUES
(1, '2016-03-27 00:00:00', '2016-04-03 00:00:01', 0),
(2, '2016-04-03 00:00:00', '2016-04-10 00:00:01', 0),
(3, '2016-04-17 00:00:00', '2016-04-24 00:00:01', 0),
(4, '2016-04-24 00:00:02', '2016-05-01 00:00:01', 0),
(5, '2016-05-01 00:00:02', '2016-05-08 00:00:01', 0),
(6, '2016-05-08 00:00:02', '2016-05-15 00:00:01', 0),
(7, '2016-05-15 00:00:02', '2016-05-22 00:00:01', 1);

-- --------------------------------------------------------

--
-- Table structure for table `usuario`
--

CREATE TABLE IF NOT EXISTS `usuario` (
  `id_usuario` int(11) NOT NULL AUTO_INCREMENT,
  `nombre` varchar(15) NOT NULL,
  `email` varchar(50) NOT NULL,
  `habilitado` tinyint(1) NOT NULL,
  `password` varchar(100) NOT NULL,
  `token` varchar(50) NOT NULL,
  `tokenExpirationTime` datetime NOT NULL,
  PRIMARY KEY (`id_usuario`),
  UNIQUE KEY `email` (`email`)
) ENGINE=InnoDB  DEFAULT CHARSET=latin1 AUTO_INCREMENT=9 ;

--
-- Dumping data for table `usuario`
--

INSERT INTO `usuario` (`id_usuario`, `nombre`, `email`, `habilitado`, `password`, `token`, `tokenExpirationTime`) VALUES
(1, 'admin', 'adminHistorial@gmail.com', 1, '$2y$10$mLRE/CvmsaXMlkEC.ewdFO2eNMKZcHGQnNpHr7IphkzHyL8L2ZyCq', 'cc434f08167b777b25f1fe03380ca1144df806e9', '2016-05-07 20:48:20'),
(2, 'gigoberto', 'gigoloberto@gmail.com', 1, '$2y$10$mLRE/CvmsaXMlkEC.ewdFO2eNMKZcHGQnNpHr7IphkzHyL8L2ZyCq', '', '0000-00-00 00:00:00'),
(3, 'juan', 'j@gmail.com', 1, '$2y$10$mLRE/CvmsaXMlkEC.ewdFO2eNMKZcHGQnNpHr7IphkzHyL8L2ZyCq', '2f79e6af2c179d2989548f85f63c285b45c09454', '2016-05-09 21:01:10'),
(4, 'auan', 'a@gmail.com', 1, '$2y$10$mLRE/CvmsaXMlkEC.ewdFO2eNMKZcHGQnNpHr7IphkzHyL8L2ZyCq', '', '0000-00-00 00:00:00'),
(5, 'buan', 'b@gmail.com', 1, '$2y$10$mLRE/CvmsaXMlkEC.ewdFO2eNMKZcHGQnNpHr7IphkzHyL8L2ZyCq', '', '0000-00-00 00:00:00'),
(6, 'muan', 'm@gmail.com', 1, '$2y$10$mLRE/CvmsaXMlkEC.ewdFO2eNMKZcHGQnNpHr7IphkzHyL8L2ZyCq', '', '0000-00-00 00:00:00'),
(7, 'cuan', 'c@gmail.com', 1, '$2y$10$mLRE/CvmsaXMlkEC.ewdFO2eNMKZcHGQnNpHr7IphkzHyL8L2ZyCq', '', '0000-00-00 00:00:00'),
(8, 'pedrop', 'pp@gmail.com', 1, '$2y$10$mLRE/CvmsaXMlkEC.ewdFO2eNMKZcHGQnNpHr7IphkzHyL8L2ZyCq', '', '0000-00-00 00:00:00');

/*!40101 SET CHARACTER_SET_CLIENT=@OLD_CHARACTER_SET_CLIENT */;
/*!40101 SET CHARACTER_SET_RESULTS=@OLD_CHARACTER_SET_RESULTS */;
/*!40101 SET COLLATION_CONNECTION=@OLD_COLLATION_CONNECTION */;
